ID,Femenino,Masculino,No binario,Persona moral,(Valor único),Alias genérico inglés,Alias genérico francés,Online,,,Referentes inductivos,,Referentes deductivos
101-01,Guionista audiovisual,Guionista audiovisual,Guionista audiovisual,,Guionismo audiovisual,Scriptwriting,Écriture de scénarios audiovisuels,x,Desarrollo de proyectos y preproducción,Guionismo,/ Escritores cine y TV / Asesoría de guión / Sinopsis / Guionistas / Screenwriters / Scénaristes / Script / Screenplay /,,/ Guionista /
101-02,Guionista cinematográfico,Guionista cinematográfico,Guionista cinematográfico,,Guionismo para cine,Screenplay,Écriture de scénarios pour le cinéma,x,Desarrollo de proyectos y preproducción,Guionismo,/ Escritores cine y TV / Asesoría de guión / Sinopsis / Guionistas / Screenwriters / Scénaristes / Script / Screenplay /,,/ Guionista de cine /
101-03,Guionista,Guionista,Guionista,,Guionismo para TV,TV Scriptwriting,Écriture de scénarios pour la télévision,x,Desarrollo de proyectos y preproducción,Guionismo,/ Escritores cine y TV / Asesoría de guión / Sinopsis / Guionistas / Screenwriters / Scénaristes / Script / Screenplay / Broadcast / Showrunner /,,/ Guionista de TV / 
101-04,Guionista,Guionista,Guionista,,Guionismo para series,Series Scriptwriting,,x,Desarrollo de proyectos y preproducción,Guionismo,/ Escritores cine y TV / Asesoría de guión / Sinopsis / Guionistas / Screenwriters / Scénaristes / Script / Screenplay / Showrunner / Serie /,,/ Guionista de series /
101-05,Asesora de guion,Asesor de guion,Asesoría de guion,Asesoría de guion,Asesoría de guion,Script Doctor,,,Desarrollo de proyectos y preproducción,Guionismo,/ Escritores cine y TV / Asesoría de guión / Sinopsis / Guionistas / Screenwriters / Scénaristes / Script / Screenplay / Script Doctor / Supervisores de guion / ,,/ Asesor de guión / Supervisor de guion /
102-01,Directora creativa,Director creativo,Dirección creativa,Dirección creativa,Dirección creativa,Creative Directors,Développement créatif,x,Desarrollo de proyectos y preproducción,Creatividad,/ Desarrollo creativo / Copies / Boutique creativa / Eslógan / Slogan /,,/ Director creativo /
102-02,Creativa Sr,Creativo Sr,Desarrollo creativo,,Desarrollo creativo,Creative Development,Développement créatif,x,Desarrollo de proyectos y preproducción,Creatividad,/ Desarrollo creativo / Copies / Boutique creativa / Eslógan / Slogan /,,/ Creativo /
102-03,Creativa Jr,Creativo Jr,Creatividad,,Creatividad,Copy Writers,Développement créatif,x,Desarrollo de proyectos y preproducción,Creatividad,/ Desarrollo creativo / Copies / Boutique creativa / Eslógan / Slogan /,, / Copy /
103-01,Investigadora,Investigador,Investigación,Investigadores,Investigadores,Researchers,Chercheur,x,Desarrollo de proyectos y preproducción,Investigación,/ Escritores / Investigadores / Reporteros / Periodistas /,,/ Investigador /
103-02,Reportera,Reportero,Reportero,Reporteros,Reporteros,Reporters,Journaliste,x,Desarrollo de proyectos y preproducción,Investigación,/ Escritores / Investigadores / Reporteros / Periodistas /,,/ Reportero / Periodista /
103-03,Redactora,Redactor,Redacción,Redactores,Redactores,Copy Writers,Journaliste,x,Desarrollo de proyectos y preproducción,Investigación,/ Copy / Copies / Redacción / Redactores / Escritura / Escritores / Corrección de estilo /,,/ Redactor / Corrector de estilo /
103-04,Traductora,Traductor,Traducción,Traductores,Traductores,Translators,Traducteur,x,Desarrollo de proyectos y preproducción,Investigación,/ Traducción / Intérpretes-traductores / Traductores / Translators / Traducteurs /,,/ Intérprete-traductor / Traductor /
103-05,Transcriptora,Transcriptor,Transcripción,Transcriptores,Transcriptores,Transcriptors,Transcripteur,x,Desarrollo de proyectos y preproducción,Investigación,/ Transcripción / Transcriptores / Word / Procesamiento de texto /,,/ Transcriptor /
104-01,Diseñadora gráfica,Diseñador gráfico,Diseño gráfico,Diseño gráfico,Diseño gráfico,Graphic Designers,Conception graphique,x,Desarrollo de proyectos y preproducción,Arte gráfico,/ Diseño / Diseñadores / Diseño gráfico / Graphic Design / Design Graphique /,,/ Diseñador gráfico /
104-02,Ilustradora,Ilustrador,Ilustración,Ilustradores,Ilustradores,Illustration Artists,Illustrateur,x,Desarrollo de proyectos y preproducción,Arte gráfico,/ Dibujo / Ilustración / Ilustradores / Cómic / Ánime / Manga / Storyboard /,,/ Ilustrador /
104-03,Dibujante,Dibujante,Dibujo,Dibujantes,Dibujantes,Cartoonists,Caricaturistes,x,Desarrollo de proyectos y preproducción,Arte gráfico,/ Dibujantes / Ilustración / Cómic / Ánime / Manga / Storyboard /,,/ Dibujante /
104-04,Bordista,Bordista,Bordista,Storyboards,Bordistas,Storyboard Artists,Bordistes,x,Desarrollo de proyectos y preproducción,Arte gráfico,/ Storyboard / Tabla d` Histoire / Dibujo / Dibujantes /,,/ Bordista /
104-05,Diseñadora editorial,Diseñador editorial,Diseño editorial,Diseño editorial,Diseño editorial,Editorial Designers,,,Desarrollo de proyectos y preproducción,Arte gráfico,/ Diseño / Diseñadores / Diseño gráfico / Graphic design / Design Graphique / Diseño editorial / Formado / Galeras / InDesign /,, / Diseñador editorial /
105-01,Asesora legal,Asesor legal,Asesoría legal,Asesoría legal,Asesores legales,Legal Advisors,Conseiller juridique,x,Desarrollo de proyectos y preproducción,Asesoría,/ Asesores legales / Abogados / Derechos de autor / Copyrights / Droits D’ Auteur / Guilds /,,/ Asesoría legal / Abogado /
105-02,Asesora legal en derechos de autor,Asesor legal en derechos de autor,Asesoría legal en derechos de autor,Asesoría legal en derechos de autor,Asesores legales en derechos de autor,Copyright Advisors,Conseillers juridiques en matière de droits d'auteur,x,Desarrollo de proyectos y preproducción,Asesoría,/ Asesores legales / Abogados / Derechos de autor / Copyrights / Droits D’ Auteur / Guilds /,,/ Asesor en derechos de autor /
105-03,Asesora financiera,Asesor financiero,Asesoría financiera,Asesoría financiera,Asesores financieros,Financial Advisor,Conseillers financiers,x,Desarrollo de proyectos y preproducción,Asesoría,/ Asesores financieros / Impuestos / Asesoría financiera / Financial advising / Assesorant financier /,,/ Asesor financiero /
105-04,Asesora administrativa,Asesor administrativo,Asesoría administrativa,Asesoría administrativa,Asesores administrativos,Administrative Advisors,Conseillers administratifs,x,Desarrollo de proyectos y preproducción,Asesoría,/ Asesoría administrativa / Sistemas de administración / Auditoría de producción / Auditor /,,/ Asesor administrativo / Auditor de producción /
105-05,Contadora de producción,Contador de producción,Contabilidad de producción,Contabilidad de producción,Contadores de producción,Accountants,Compteurs,x,Desarrollo de proyectos y preproducción,Asesoría,/ Contadores de producción / Contabilidad para películas / Impuestos / Devolución de IVA / Auditoría de producción / Auditores /,,/ Contador de producción /
105-06,Asesora de producción,Asesor de producción,Asesoría de producción,Asesoría de producción,Asesores de producción,Production Advisors,Conseillers de production,x,Desarrollo de proyectos y preproducción,Asesoría,/ Asesores de producción / Carpetas de producción / Proyectos / Eficine / Fidecine / Focine / Desarrollo de carpetas / Conception de dossier / Guilds / Product Placement /,,/ Asesor de producción / Preparación de carpetas de producción /
105-07,Promotora cinematográfica,Promotor cinematográfico,Promoción de producción,Promoción de producción,Promoción de producción,Film Promoters,Promotion de la production,x,Desarrollo de proyectos y preproducción,Asesoría,/ Promotores / Fundraiser / Eficine / Focine / Gestión Estratégica / Strategic management / Gestion estrategie / Promoción / Media / Moyens / Junkets / Gestión cultural / Promotores culturales / Cortometrajes / Festivales / Product Placement / Relaciones públicas / PR / RRPP / Publirrelacionistas /,,/ Promotor cinematográfico /
201-01,Casting,Casting,Casting,Casting,Casting,Casting,Moulage,x,Talento,Casting,/ Castineras / Búsqueda de talento / Cast / Reparto / Actores / Actrices / Modelos / Extras / Figurantes / Agencias /,,/ Casting /
201-02,,,,Agencia de actores,Agencias de actores,Actors Agencies,Agence d'acteurs,x,Talento,Casting,/ Cast / Búsqueda de talento / Reparto / Actores / Actrices / Extras / Figurantes / Agencias /,,/ Agencia de actores /
201-03,,,,Agencia de modelos,Agencias de modelos,Modeling Agencies,Agence de modélisme,x,Talento,Casting,/ Bits de acción / Cast / Búsqueda de talento / Reparto / Modelos / Extras / Figurantes / Agencias /,,/ Agencia de modelos /
201-04,,,,Agencia de locutores,Agencias de locutores,Voiceover Agencies,Agence de voix off,x,Talento,Casting,/ Casting de voz / Doblaje / Locutores / Voice Over / Voz Off / VO / Narración / Narradores / Agencias /,,/ Agencia de locutores /
201-05,,,,Agencia de edecanes,Agencias de edecanes,Hostess Agencies,Agence d'aide de camp,,Talento,Casting,/ Eventos / Modelos / Hostess / Edecanes / Agencias /,,/ Agencia de edecanes /
201-06,,,,Academia de actuación,Academias de actuación,Acting Academies,Académie d'art dramatique,,Talento,Casting,/ Actores / Actrices / Maestros de actuación / Teatro / Entrenamiento actoral / Escuelas de actuación / Academias de actores / Actors Academy / Acteurs et ecole /,,/ Escuela de actuación / Academia de actores /
201-07,Representante artística,Representante artístico,Representación artística,Representación artística,Representantes de talento,Talent Agents,Représentants du talents,x,Talento,Casting,/ Talent handlers / Representantes / Agentes / PR / RP / Promotores / Cast / Reparto /,,/ Representante artístico /
201-08,Agente artística,Agente artístico,Agente artístico,Agentes artísticos,Agentes artísticos,Artists Agents,Agents artistiques,x,Talento,Casting,/ Talent handlers / Representantes / Agentes / PR / RP / Promotores / Cast / Reparto /,,/ Agente artístico / 
202-01,Actriz,Actor,Actuación,,Actores,Actors,Acteurs,,Talento,Actuación,/ Actores / Actrices / Actors / Acteurs / Películas / Largometrajes / Cortometrajes /,,/ Actor / Actriz /
202-02,Modelo,Modelo,Modelaje,,Modelos,Models,Modèles,,Talento,Actuación,/ Modelos / Models / Modèles / Modelaje / Body Double / Bit Part /,,/ Modelo /
202-03,Modelo lencería,Modelo lencería,Modelaje lencería,,Modelos lencería,Lingerie Model,Modèles de lingerie,,Talento,Actuación,/ Modelos / Models / Modèles / Modelaje / Lencería / Body Double /,,/ Modelo de lencería /
202-04,Modelo pasarela,Modelo pasarela,Modelaje pasarela,,Modelos pasarela,Runway Model,Modèles de défilé,,Talento,Actuación,/ Modelos / Models / Modèles / Modelaje / Pasarela /,,/ Modelo de pasarela /
202-05,Modelo de manos / piés,Modelo de manos / piés,Modelo de manos / piés,,Modelos de manos / piés,Hands / Feet Model,,,Talento,Actuación,/ Modelos / Models / Modèles / Modelaje / Manos / Piés  / Hands model / Feet model,,/ Modelo manos /
203-01,Coreógrafa,Coreógrafo,Coreografía,,Coreografía,Choreographers,Chorégraphie,,Talento,Especialistas,/ Coreografía / Coreógrafos / Baile / Bailarinas / Bailarines / Dancers /,,/ Coreógrafo /
203-02,Bailarina,Bailarín,Baile,,Bailarines,Dancers,Danseurs,,Talento,Especialistas,/ Baile / Bailarinas / Bailarines / Strippers / Dancers /,,/ Bailarina / Bailarín / Dancer /
203-03,Doble de riesgo,Doble de riesgo,Doble de riesgo,Dobles de riesgo,Dobles de riesgo,Stunt Doubles,Risque doublé,,Talento,Especialistas,/ Stunts / Dobles de riesgo / Stunt double / Cascadeurs / Dobles de acción / Acción / Escenas de acción / Body Double /,,/ Stunt / Doble de riesgo /
203-04,Directora de acción,Director de acción,Dirección de acción,,Directores de acción,Action Directors,Directeurs d'action,,Talento,Especialistas,/ Stunts / Dobles de riesgo / Stunt double / Cascadeurs / Dobles de acción / Acción / Escenas de acción /,,/ Director de acción /
203-05,Acróbata,Acróbata,Acrobacia,,Acróbatas,Acrobats,Acrobates,,Talento,Especialistas,/ Cirqueros / Zanqueros / Circo / Acróbatas /,,/ Cirquero / Zanquero / Acróbata /
203-06,Entrenadora de animales,Entrenador de animales,Entrenamiento de animales,,Entrenadores de animales,Wranglers,Dresseurs d'animaux,,Talento,Especialistas,/ Animales entrenados / Entrenadores de animales / Wrangler / Animales / Animaleros / Semovientes /,,/ Entrenador de animales /
203-07,Piloto automovilista,Piloto automovilista,Piloto automovilistas,,Pilotos automovilistas,Car Pilots,Pilotes automobilistes,,Talento,Especialistas,/ Action Drivers / Pilotos / Conductores de acción / Automovilistas /,,/ Piloto / Conductor de acción /
204-01,Conductora,Conductor ,Conducción a cuadro,,Conducción a cuadro,TV Hosting,Entraînement du cadre,,Talento,Locución,/ Maestros de ceremonias / Presentadores / TV Hosting / Conductores a cuadro / Televisión / Broadcast / Talk show / Programas de TV / Transmisión en vivo / Conductores de TV /,,/ Conductor a cuadro / Conductor de TV / Maestro de ceremonias / Presentador /
204-02,Locutora,Locutor,Locutores,,Locución,Voice-Over,Voix off,x,Talento,Locución,/ Voz Off / Voice Over / VO / Narración / Narradores / Actores de voz / Doblaje / Voice Actors / Acteurs de la voix / Doublage /,,/ Locutor / Narrador /
204-03,Actriz de voz,Actor de voz,Doblaje,,Doblaje,Dubbing,Doublage,x,Talento,Locución,/ Doblaje / Dobladores / Actores de voz / Voice Actors / Acteurs de la voix / Doublage / Dubbing / ADR (Automatic Dialogue Replacement) /,,/ Doblador / Actor de voz /
204-04,Directora de doblaje,Directos de dobalje,Dirección de doblaje,,Directores de doblaje,Dubbing Directors,,,Talento,Locución,/ Doblaje / Dobladores / Actores de voz / Voice Actors / Acteurs de la voix / Doublage / Dubbing / Directores de doblaje / Supervisión de doblaje /,,/ Director de doblaje / Supervisor de doblaje /
204-05,Conductora en radio,Conductor en radio,Conducción en radio,,Conducción de radio,Radio Host,,,Talento,Locución,/ Voz Off / Voice Over / VO / Narración / Narradores / Conductores de radio / Radio hosting / Radio DJ / Talk shows / Programas de radio / Radio personality / Broadcasting /,,/ Locutor de radio /
205-01,Productora musical,Productor musical,Producción musical,Producción musical,Producción musical,Musical Production,Production musicale,x,Talento,Músicos,/ Producción musical / Productores musicales / Coposición musical / Jingles / Música original / Original Motion Picture Soundtrack / Musique originale / Conciertos / Live Performance /,,/ Productor musical /
205-02,Compositora,Compositor,Composición musical,Composición musical,Composición musical,Music Composers,Composition musicale,x,Talento,Músicos,/ Producción musical / Productores musicales / Coposición musical / Jingles / Música original / Original Motion Picture Soundtrack / Musique originale / Composers / Musicians / Score /,,/ Compositor musical / Jinglista / Músico /
205-03,Intérprete,Intérprete,Interpretación musical,Intérpretes,Intérpretes,Singers,Interprètes,x,Talento,Músicos,/ Música original / Musique originale / Intérpretes / Cantantes / Ejecutantes / Instrumentistas / Conciertos / Live Performance / Musicians /,,/ Intérprete musical / Cantante / Ejecutante / Instrumentista /
301-01,Productora cinematográfica,Productor cinematográfico,Producción cinematográfica,,Producción cinematográfica,Film Producers,Production cinématographique,,Crew,Producción,/ Producción cinematográfica / Productores cinematográficos / Productores / Producer / Largometrajes / Feature Films / Películas / Line producers / Productores ejecutivos / Filmmaking / Telefilm / Cortometrajes / Serie /,,/ Productor cinematográfico /
301-02,Productora audiovisual,Productor audiovisual,Producción audiovisual,,Producción audiovisual,Video Production,Production audiovisuelle,,Crew,Producción,/ Line producers / Productores / Producer / Line Producers / Logística / Telefilm / Videos / Producción de videos /,,/ Productor /
301-03,Productora ejecutiva / agencia,Productor ejecutivo / agencia,Producción ejecutiva / agencia,,Producción ejecutiva / agencia,Agency / Executive Producer,Production exécutive/ Agence,,Crew,Producción,/ Agencias / Productores / Producer / Productores ejecutivos /,,/ Productor ejecutivo /
301-04,Gerente de producción cinematográfica,Gerente de producción cinematográfica,Gerente de producción cinematográfica,,Gerencia de producción cinematográfica,Line Producers,Gestion de production cinématographique,,Crew,Producción,/ Line Producers / Productores / Producer / Gerentes de producción / Logística / Coordinación de producción /,,/ Line Producer / Gerente de producción /
301-05,Coordinadora de producción audiovisual,Coordinador de producción audiovisual,Coordinación de producción audiovisual,,Coordinación de producción audiovisual,Production Coordinators,Coordination de production audiovisuelle,,Crew,Producción,/ Line producers / Coordinadores de producción / Production Coordinator / Coordonnatrice de production / Logística / Coordinación de producción /,,/ Coordinador de producción /
301-06,Gerente de locaciones,Gerente de locaciones,Gerente de locaciones,,Gerencia de locaciones,Location Managers,Gestion de location,,Crew,Producción,/ Locaciones / Managers de locaciones / Locations / Emplacements / Gerentes de locaciones / Logística /,,/ Manager de locaciones / Gerente de locaciones /
301-07,Scouter,Scouter,Scouter,,Scouting,Scouting,Scouting,,Crew,Producción,/ Locaciones / Managers de locaciones / Locations / Emplacements / Gerentes de locaciones / Scouters /,,/ Buscador de locaciones / Scouter /
301-08,Agente de locaciones,Agente de locaciones,Agente de locaciones,,Agentes de locaciones,Location Agents,Agence de locations,,Crew,Producción,/ Locaciones / Manager de locaciones / Locations / Emplacements / Scouters /,,/ Agente de locaciones /
301-09,Asistente de producción,Asistente de producción,Asistencia de producción,,Asistentes de producción,Production Assistants,Assistant de production,,Crew,Producción,/ Asistentes / PA (Production Assistants) / Asistentes de producción / Runners / Logística /,,/ Asistente de producción /
301-10,Capitana de transporte,Capitán de transporte,Coordinación de transporte,,Coordinadores de transporte,Transport Coordinators,Coordinateurs des transports,,Crew,Producción,/ Transporte de producción / Capitanes de transporte / Coordinadores de transporte / Choferes / Logística /,,/ Capitán de transporte / Coordinador de transporte /
301-11,Chofer de producción,Chofer de producción,Chofer de producción,,Choferes de producción,Production Drivers,Facteurs de production,,Crew,Producción,/ Transporte / Choferes / Runners / Logística /,,/ Chofer de producción /
301-12,Seguridad en locación,Seguridad en locación,Seguridad en locación,,Seguridad en locación,On-site Security,Sécurité des lieux,,Crew,Producción,/ Seguridad / Guardias / Logística / Seguridad en locación /,,/ Personal de seguridad /
301-13,Médica de producción,Médico de producción,Atención médica en producción,,Médicos de producción,,,,Crew,Producción,/ Personal de seguridad / Logística / Seguridad en locación /Médicos de producción / Atención médica en el set / Primeros auxilios / Paramédicos /,,/ Médico de producción / Médico en el set / Paramédico /
302-01,Directora,Director,Dirección,,Directores,Directors,Directeurs,,Crew,Dirección,/ Realizadores / Directores / Directors / Réalisateur /,,/ Realizador / Director / 
302-02,1º Asistente de dirección,1º Asistente de dirección,1º Asistente de dirección,,Primeros asistentes de dirección,First Direction Assistants,Assistants de direction,,Crew,Dirección,/ DA / Asistentes de dirección / Assistant Director / Assistant réalisateur / 1º asistente /,,/ Primer asistente de dirección / Asistente de dirección /
302-03,Continuista,Continuista,Continuismo,,Continuistas,Script Supervisors,Continuistes,,Crew,Dirección,/ Scripts / Script Supervisors / Continuistas / Continuity / Raccord / Continuistas /,,/ Continuista /
302-04,Documentalista,Documentalista,Documentalismo,,Documentalistas,Documentalists,Documentalistes,,Crew,Dirección,/ Realizadores / Documentalistas / Documentary / Documentariste /,,/ Documentalista /
302-05,Productora de televisión,Productor de televisión,Producción de televisión,,Productores de televisión,TV Producers,Producteurs de télévision,,Crew,Dirección,/ Realizadores / Productores / TV Producer / Producer / Productores de televisión / Videos / Producción de video / TX / Transmisión / Streaming / Transmisión en directo / Transmisión en directo / Transmisión en vivo / Transmisión de señal / Distribución de señal / Showrunner / Broadcast /,,/ Productor de televisión / Showrunner /
302-06,Directora de cámaras,Director de cámaras,Dirección de cámaras,,Directores de cámaras,TV Directors,,,Crew,Dirección,/ Realizadores / TV Producer / Productores de televisión / Directores de cámaras / Videos / Producción de video / Live Performance / Conciertos / TX / Transmisión / Streaming / Transmisión en directo / Transmisión en directo / Transmisión en vivo / Distribución de señal / Broadcast /,,/ Director de cámaras /
302-07,Directora de escena,Director de escena,Dirección de escena,,Directores de escena,Stage Managers,,,Crew,Dirección,/ Realizadores / TV Producer / Productores de televisión / Directores de escena / Televisión / Teatro / Actuación /,,/ Director de escena /
302-08,2º Asistente de dirección,2º Asistente de dirección,2º Asistente de dirección,,Segundos asistentes de dirección,Second Direction Assistants,,,Crew,Dirección,/ DA / Asistentes de dirección / Assistant Director / Assistant réalisateur / 2º asistente / Segundo asistente /,,/ Segundo asistente de dirección /
303-01,Directora de fotografía,Director de fotografía,Dirección de fotografía,,Directores de fotografía,Directors of Photography,Directeurs de la photographie,,Crew,Fotografía,/ DPs (Directors of Photography) / Cinefotógrafos / Directores de fotografía / Cinematographers / Head Cameraman / Chef opérateur /,,/ DP / Director de fotografía /
303-02,Operadora de cámara cinematográfica,Operador de cámara cinematográfica,Operación de cámara cinematográfica,,Operadores de cámara cinematográfica,Head Camera Operators,Opérateurs de caméra,,Crew,Fotografía,/ Cinefotógrafos / Cameraman / Operadores de cámara cinematográfica / Focus puller / Foquistas /,,/ Operador de cámara cinematográfica /
303-03,Asistente de cámara cinematográfica,Asistente de cámara cinematográfica,Asistencia de cámara cinematográfica,,Asistentes de cámara cinematográfica,Focus Pullers,Assistants de caméra cinematographique,,Crew,Fotografía,/ Primer asistente / Asistente de fotografía / Foquistas / Focus puller / Clapper loader / Assistant chef operateur / Asistentes de cámara cinamtográfica /,,/ Primer asistente de cámara cinematográfica /
303-04,Fotógrafa aérea,Fotógrafo aéreo,Fotografía aérea,,Fotógrafos aéreos,Aerial Photographers,Photographes aériens,,Crew,Fotografía,/ Cinefotógrafos / Fotografía aérea / Fotógrafos aéreos / Drones / Helicópteros /,,/ Fotógrafo aéreo /
303-05,Fotógrafa submarina,Fotógrafo submarino,Fotografía submarina,,Fotógrafos submarinos,Underwater Photographers,Photographes sous-marins,,Crew,Fotografía,/ Cinefotógrafos / Fotografía submarina / Fotógrafos submarinos / Buzos / Buceo /,,/ Fotógrafo submarino /
303-06,Fotógrafa,Fotógrafo,Fotografía,,Fotógrafos,Photographers,Photographes,,Crew,Fotografía,/ Cinefotógrafos / Foto fija / Still photography / Photographe / Exposición fotográfica / Fotografía artística / Taste Shot / Product Shot / Table Top / Fotografía publicitaria / Fotógrafos /,,/ Fotógrafo /
303-07,Camarógrafa,Camarógrafo,Camarógrafo,,Camarógrafos,Cameramen,Cameramen,,Crew,Fotografía,/ Operadores de cámara / Camarógrafos / Fotógrafos /,,/ Operador de cámara / Camarógrafo /
303-08,Operadora Steadicam,Operador Steadicam,Operador Steadicam,,Operadores Steadicam,Steadicam Operators,Opérateurs Steadicam,,Crew,Fotografía,/ Operadores de cámara / Camarógrafos / Fotógrafos / Operadores de Steadycam /,,/ Operador de SteadyCam /
303-09,Piloto de dron,Piloto de dron,Piloto de dron,,Pilotos de dron,Drone Pilots,Pilotes de drones,,Crew,Fotografía,/ Operadores de dron / Drones / Fotografía aérea / Fotógrafos aéreos / Aerial shots /,,/ Operador de dron / Piloto de dron / 
303-10,Fotógrafa still,Fotógrafo still,Fotografía still,,Fotógrafos still,Still Photographers,Photographes de plateau,,Crew,Fotografía,/ Foto fija / Fotografía publicitaria / Fotografía artística / Foto fija / Still Photography / Photographe / Fotografía de estudio / Retratos / Fotoperiodismo / Fotógrafos / Taste Shot / Table Top / Exposición fotográfica /,,/ Fotógrafo de fijas / Still Photographer /
303-11,Data manager,Data manager,Data manager,,Data managers,Data Managers,Data management,,Crew,Fotografía,/ Data / Data Managers / Técnicos en imagen digital / Data Wrangler / DIT (Digital Imaging Technician) / Manager de données / Technicien en imagerie numérique / Workflow / Rushes / Daylies / RAW / Formatos / Códecs /,,/ Data Manager / Técnico en imagen digital /
304-01,Gaffer,Gaffer,Gaffers,,Gaffers,Gaffers,Gaffers,,Crew,Staff,/ Gaffers / Jefes de staff / Best Boy / Riggers / Iluminadores /,,/ Gaffer /
304-02,Jefa de staff,Jefe de staff,Crew eléctrico,Crew eléctrico,Crew eléctrico,Electrical Crew,Équipe électrique,,Crew,Staff,/ Gaffers / Jefes de staff / Best Boy / Key Grip / Grip / Riggers / Iluminadores / Best Boy /,,/ Jefe de staff /
304-03,Staff,Staff,Staff,,Staff,Grip Crew,Personnel,,Crew,Staff,/ Eléctricos / Personal / Best Boy / Key Grip / Grip / Riggers / Iluminadores /,,/ Eléctrico / Iluminador / Staff /
304-05,Jefa de tramoya,Jefe de tramoya,Tramoya,,Jefes de tramoya,Key Grip,,,Crew,Staff,Personal / Best Boy / Key Grip / Grip / Riggers / Tramoya,,/ Jefe de tramoya /
304-06,Dolista,Dolista,Dolista,,Dolistas,Dolly,,,Crew,Staff,Personal / Grip / Riggers / Tramoya / Dollies / Operadores de dolly,,/ Operador de dolly /
305-01,Ingeniera de sonido,Ingeniero de sonido,Ingeniería de sonido,,Ingenieros de sonido,Sound Engineers,Ingénieurs du son,,Crew,Sonido,/ Audio / Sonido sincrónico / Sonido directo / Sound / Sounoists / Ingenieros de sonido / Diseño de audio / Grabación de audio / Grabación musical / Producción musical / Conciertos / Live Performance / Sonorización /,,/ Ingeniero de sonido /
305-02,Sonidista,Sonidista,Sonidista,,Sonidistas,Recordists,Ingénieurs de son,,Crew,Sonido,/ Sonidistas / Audio / Sonido sincrónico / Sonido directo / Sound / Sounoists / Ingenieros de sonido / Diseño de audio / Grabación de audio /,,/ Sonidista /
305-03,Microfonista,Microfonista,Microfonista,,MIcrofonistas,Sound Technicians,,,Crew,Sonido,/ Sonidistas / Audio / Sonido sincrónico / Sonido directo / Sound / Sounoists / Grabación de audio /,,/ Microfonista /
305-04,Apuntador,Apuntador,Apuntador,,Apuntadores,Prompters,Soufflers,,Crew,Sonido,/ Aparatos / Apuntadores / Prompters / Script /,,/ Apuntador / Prompter /
305-05,Sonorizadora,Sonorizador,Sonorización,,Sonorizadores,Sound Technicians,,,Crew,Sonido,/ Sonido / Audio / Sound / Sounoists / Ingenieros de sonido / Grabación musical / Producción musical / Conciertos / Live Performance / Sonorización / Secres / Backstage / Performance Support /,,/ Sonorizador de eventos /
306-01,Diseñadora de producción,Diseñador de producción,Diseño de producción,,Diseñadores de producción,Production Designers,Concepteurs de la production,,Crew,Arte,/ Diseño de producción / Production Design / Création des décors / Diseñadores de producción / Atmósfera /,,/ Diseñador de producción /
306-02,Directora de arte,Director de arte,Dirección de arte,,Directores de arte,Art Directors,Directeurs artistiques,,Crew,Arte,/ Dirección de arte / Art Direction / Direction artistique / Diseñadores de producción / Directores de arte / Atmósfera /,,/ Director de arte /
306-03,Asistente de arte,Asistente de arte,Asistencia de arte,,Asistentes de arte,Art Assistants,Assistants artistiques,,Crew,Arte,/ Dirección de arte / Art Direction / Direction artistique / Asistentes / Decorado / Atrezzo / Swings /,,/ Asistente de arte / Swing /
306-04,Escenógrafa,Escenógrafo,Escenografía,,Escenógrafos,Set Designers,Décorateurs,,Crew,Arte,/ Escenografía / Escenógrafos / Scenery / Decorado / Constructores / Swings /,,/ Escenógrafo /
306-05,Constructora ,Constructor,Construcción de escenografía,,Constructores,Set Builders,Constructeurs,,Crew,Arte,/ Escenografía / Swings / Carpinteros / Carpenters / Charpentiers / Escenógrafos / Constructores /,,/ Constructor /
306-06,Ambientadora,Ambientador,Ambientación,,Ambientadores,Ambiance Production,Production d'ambiance,,Crew,Arte,/ Ambientación / Ambientadores / Decoradores / Decorado / Atmósfera / Atrezzo / Atrecistas /,,/ Ambientador /
306-07,Utilera,Utilero,Utilería,,Utileros,Prop Masters,Props,,Crew,Arte,/ Utilería / Utileros / Props / Prop Master / Props Man / Atrezzo / Atrecistas /,,/ Utilero /
306-08,Armera,Armero,Armas,,Armeros,Gunsmiths,Armuriers,,Crew,Arte,/ Armas / Armeros / Estopines /,,/ Armero /
306-09,Ecónoma,Ecónomo,Ecónomo,,Ecónomos,Food Stylists,Intendants,,Crew,Arte,/ Ecónomos / Estilistas de alimentos / Food Styling / Stylisme Culinare / Taste Shots /,,/ Ecónomo /
306-10,Vestuarista,Vestuarista,Vestuarista,,Vestuaristas,Costume Designers,Costumiers,,Crew,Arte,/ Vestuario / Vestuaristas / Costume Designers / Wardrobe /,,/ Vestuarista /
306-11,Maquillista,Maquillista,Maquillista,,Maquillistas,Make-up Artists,Maquilleurs,,Crew,Arte,/ Maquillaje / Makeup / Maquillistas / Makeup artist / Maquilleuse / Caracterizadores /,,/ Maquillista /
306-12,Peinadora,Peinador,Peinados,,Peinados,Hairstylists,Coiffeurs,,Crew,Arte,/ Maquillaje / Peinados / Peinadores / Hairdo / Estilistas /,,/ Peinador /
306-13,Caracterizadora,Caracterizador,Caracterización de personajes,,Caracterización de personajes,Characterization,Caractérisation des personnages,,Crew,Arte,/ Maquillaje / Postizos / Prostéticos / Maquillistas / Make up artist / Maquilleuse / Caracterizadores / Caracterización de personajes /,,/ Caracterizador de personajes /
307-01,Postproductora de video,Postproductor de video,Postproducción de video,,Postproductores de video,Video Post-Producers,Post producteurs vidéo,x,Crew,Postproducción,/ Postproductores / Postproduction / Directores de postproduction / Editores / Etalonaje / LUT / DaVinci Resolve / RAW / Formatos / Códecs / Coordinadores de postproducción / Postproduction Managers /,,/ Postproductor de video /
307-02,Editora de imagen,Editor de imagen,Edición de imagen,,Editores de imagen,Image Editors,Éditeurs d'images,x,Crew,Postproducción,/ Postproductores / Editores de video / Edición / Edition / Montage / Editores / Editores de imagen / Avid / FinalCut / Adobe Premiere / Sony Vegas / DaVinci Resolve / RAW / Formatos / Códecs / Rushes / Daylies /,,/ Editor de imagen /
307-03,Postproductora cinematográfica,Postproductor cinematográfico,Postproducción cinematográfica,,Postproductores cinematográficos,Film Post-Producers,Post-producteurs de films,x,Crew,Postproducción,/ Procesos cinematográficos / DCP / Digital Cinema Package / Postproductores cinematográficos / Etalonaje / LUT / Rushes / Daylies / RAW / Formatos / Códecs / Coordinadores de postproducción / Postproduction Managers /,,/ Postproductor cinematográfico /
307-04,Colorista,Colorista,Colorista,,Coloristas,Color Technician,Coloristes,x,Crew,Postproducción,/ Corrección de color / Coloristas / Etalonaje / LUT /,,/ Colorista /
307-05,Directora de animación,Director de animación,Dirección de animación,,Directores de animación,Animation Directors,Directeurs d'animation,x,Crew,Postproducción,/ Animación / Diseño de animación / Personajes de animacíon / Efectos visuales / Visual Effects / Effects visuels / Directores de animación / Animadores / 2D / 3D /,,/ Director de animación /
307-06,Animadora,Animador,Animación,,Animadores,Animation Artists,Animateurs,x,Crew,Postproducción,/ Animación / Diseño de animación / Personajes de animacíon / Efectos visuales / Visual Effects / Effects visuels / Directores de animación / Animadores / 2D / 3D /,,/ Animador 2D / Animador 3D /
307-07,Coordinadora de postproducción,Coordinador de postproducción,Coordinación de postproducción,,Coordinadores de postproducción,Postproduction Managers,,,Crew,Postproducción,/ Postproductores / Postproduction / Directores de postproduction / Editores / Etalonaje / LUT / DaVinci Resolve / RAW / Formatos / Códecs / Coordinadores de postproducción / Postproduction Managers /,,/ Coordinador de postproducción /
308-01,Productora de audio / radio,Productor de audio / radio,Producción de audio / radio,,Productores de audio/radio,Audio Post-Producers,Post-producteurs audio,x,Crew,Postproducción de audio,/ Diseño sonoro / Sound design / Design sonore / Productores de radio / Productores de sonido / ProTools / Radio / Mezcla / Audio mixing / Foley Artists / Incidentalistas / Broadcast / Webcast /,,/ Productor de radio / Productor de sonido /
308-02,Postproductora de audio,Postproductor de audio,Postproducción de audio,,Postproductores de audio,Audio/ Radio Producers,Producteurs audio/ radio,x,Crew,Postproducción de audio,/ Diseño sonoro / Sound design / Design sonore / Postproductores de audio / ProTools / Banda sonora / Mezcla / Audio mixing / THX / Sistemas 5.1 / Foley Astists / incidentalistas /,,/ Postproductor de audio / Operador de ProTools /
308-03,Diseñadora de sonido,Diseñador de sonido,Diseño de sonido,,Diseñadores de sonido,Sound Designers,Concepteurs sonores,x,Crew,Postproducción de audio,/ Diseño sonoro / Sound design / Design sonore / Productores de radio / Productores de sonido / ProTools / Banda sonora / Mezcla / Audio mixing / THX / Sistemas 5.1 / Foley Aristis / Incidentalistas /,,/ Diseñador de sonido /
308-04,Supervisora musical,Supervisor musical,Supervisión musical,,Supervisores musicales,Music Supervisors,Superviseurs musicaux,x,Crew,Postproducción de audio,/ Asesoría musical / Asesores musicales / Supervisores músicales / Soundtrack / Banda sonora / Original Motion Picture Soundtrack / Derechos de autor / Derechos de uso de música / Licencias / Regalías / Royalties / ASCAP / SACM / Somexfon / Audio mixing /,,/ Asesor musical / Supervisor musical /
308-05,Musicalizadora,Musicalizador,Musicalización,,Musicalizadores,Musicalizers,,x,Crew,Postproducción de audio,/ Postproducción de audio / Musicalizadores / Stock de audio / Librerías / Librerías musicales / Clips de audio / Música / Musicalización / ProTools / Banda sonora / Audio mixing /,,/ Musicalizador /
401-01,,,,Casa productora,Casas productoras,Production Companies,Maisons de production,,Empresas de producción,Empresas de producción,/ Comerciales / TV Spots / Filmadoras / Compañías productoras / Películas / Documentales / Series / Miniseries / Casas productoras / Production Companies / Maison de production / Productoras / Televisión / Telefilm / Filmmaking / Videos / Producción de videos / Cortometrajes / Coordinación de producción /,,/ Filmadora / Compañía productora / Casa productora /
401-02,,,,Productora de audio,Productoras de audio,Audio Production Companies,Sociétés de production audio,x,Empresas de producción,Empresas de producción,/ Audio Post / Sonido / Diseño de audio / Audio Mix / Productoras de audio / Estudios de sonido / Grabación de audio / Radio /,,/ Compañía productora de audio / Estudio de sonido /
401-03,,,,Productora de eventos,Productoras de eventos,Event Production Companies,Sociétés de production de événements,,Empresas de producción,Empresas de producción,/ Eventos / BTL / Templetes / Sonido local / Sonorización / Productoras de eventos / Activaciones / Relaciones públicas / Presentaciones / Conciertos / Live Performance / Performance Support / Webcast /,,/ Compañía productora de eventos /
401-04,,,,Estudio de fotografía,Estudios de fotografía,Photography Studios,Studios de photographie,,Empresas de producción,Empresas de producción,/ Fotografía publicitaria / Fotografía artística / Fotógráfos / Fotografía still / Retratos / Estudios de fotografía / Acervos fotográficos / Stock fotográfico /,,/ Estudio de fotografía /
401-10,Servicios de producción,Servicios de producción,Servicios de producción,Servicios de producción,Servicios de producción,Production Services,,x,Empresas de producción,Empresas de producción,/ Comerciales / TV Spots / Filmadoras / Compañías productoras / Películas / Documentales / Series / Miniseries / Casas productoras / Production Companies / Maison de production / Productoras / Televisión / Telefilm / Filmmaking / Videos / Producción de videos / Cortometrajes / Coordinación de producción /,,/ Servicios de coordinación de producción / Servicios de producción /
402-01,Transporte de producción,Transporte de producción,Transporte de producción,Transporte de producción,Transportes de producción,Production Transportation,Transport de la production,,Empresas de producción,Transportación de producción,/ Transportes / Camionetas de producción / Choferes de producción / Runners / Choferes / Coordinadores de transporte / Logística /,,/ Alquiler de camionetas de producción / Choferes de producción /
402-02,,,,Transporte para clientes,Transportes para clientes,Clients Transportation,Transport des clients,,Empresas de producción,Transportación de producción,/ Transportación VIP / Transportes para clientes / Camionetas / Suburbans / Choferes / Logística /,,/ Transportes VIP / Transportación para clientes /
402-03,,,,Transporte de escenografía,Transportes de escenografía,Set Design Transportation,Transport des décirs,,Empresas de producción,Transportación de producción,/ Carga / Vanettes / Transportes / Logística /,,/ Transportes de escenografía / Vanette /
402-04,,,,Transportación,Transportes,Transportation,Transport,,Empresas de producción,Transportación de producción,/ Autobuses / Microbuses / Sprinters / Transportes / Choferes / Logística /,,/ Alquiler de autobuses / Alquiler de microbuses /
402-05,,,,Campers,Campers,Campers,Campers,,Empresas de producción,Transportación de producción,/ Oficinas móviles / Campers / Remolques / Camerinos / Logística /,,/ Alquiler de oficinas móviles / Alquiler de campers /
402-06,,,,Camerinos,Camerinos,Dressing Rooms,Vestiaires,,Empresas de producción,Transportación de producción,/ Oficinas móviles / Campers / Remolques / Camerinos / Logística /,,/ Alquiler de camerinos /
402-07,,,,Sanitarios móviles,Sanitarios móviles,Mobile Toilets,Toilettes mobiles,,Empresas de producción,Transportación de producción,/ Sanitarios móviles / Mobile Toilets / Sales de bain mobiles / Baños en locación / Logística / 10-200 /,,/ Alquiler de sanitarios móviles /
403-01,,,,Foro,Foros,Film Stages,Forums,,Empresas de producción,Proveedores,/ Foros /,,/ Foro /
403-02,,,,Estudio de TV,Estudios de TV,TV Studios,Studios de télévision,,Empresas de producción,Proveedores,/ Estudios de TV / TV Studios /,,/ Estudio de televisión /
403-03,,,,Diseño de producción,Diseño de producción,Production Design,Conception de la production,,Empresas de producción,Proveedores,/ Arte / Diseño de producción / Escenografía / Production Design / Création des décors / Diseñadores de producción /,,/ Compañía diseñadora de producción /
403-04,,,,Desarrollo escenográfico,Desarrollo escenográfico,Set Design,Developpement de l'ensemble,,Empresas de producción,Proveedores,/ Arte / Diseño de producción / Escenografía / Production Design / Création des décors / Diseñadores de producción / Constructores /,,/ Compañía de construcción escenográfica /
403-05,Video Assistant,Video Assistant,Video Assistant,Video Assistant,Video Assistants,Video Assistants,Assistants vidéo,,Empresas de producción,Proveedores,/ Video Assistant / Videoasist / Monitoreo /,,/ Servicios de videoassist /
403-06,Teleprompters,Teleprompters,Teleprompters,Teleprompters,Teleprompters,Teleprompters,Téléprompteurs,,Empresas de producción,Proveedores,/ Teleprompters/ Apuntadores /,,/ Servicios de teleprompter /
403-07,,,,Animales entrenados,Animales entrenados,Wranglers,Animaux formées,,Empresas de producción,Proveedores,/ Animales / Animals / Animaux / Animales entrenados / Entrenadores de animales / Wranglers / Animaleros / Semovientes /,,/ Compañía de entrenamiento de animales para filmación /
403-08,Efectos especiales,Efectos especiales,Efectos especiales,Efectos especiales,Efectos especiales,Special Effects,Effets spéciaux,,Empresas de producción,Proveedores,/ FX / Estopines / Sangre / Explosiones / Efectos especiales / Special Effects / Effets spéciaux / Máquinas de humo /,,/ Efectos especiales para filmación /
403-09,Fabricante de dummies,Fabricante de dummies,Fabricación de dummies,Fabricación de dummies,Fabricantes de dummies,Dummy Manufacturers,Fabricants de mannequins,,Empresas de producción,Proveedores,/ Dummies / Maquetas /,,/ Fabricante de dummies /
403-10,Disfraces y pelucas,Disfraces y pelucas,Disfraces y pelucas,Disfraces y pelucas,Disfraces y pelucas,Costumes and Wigs,Costumes et perruques,,Empresas de producción,Proveedores,/ Disfraces / Pelucas / Costumes / Costumes / Caracterización de personajes /,,/ Fabricante de disfraces y pelucas /
403-11,,,,Alquiler de utilería,Alquiler de utilería,Props Rental,Location d'accesoires,,Empresas de producción,Proveedores,/ Alquiler de utilería / Arte / Utilería / Utileros / Props / Prop Master / Props Man / Atrezzo / Atrecistas /,,/ Compañía de alquiler de utilería /
403-12,,,,Alquiler de muebles,Alquiler de muebles,Furniture Rental,Location de meubles,,Empresas de producción,Proveedores,/ Muebles en renta / Furniture Rental / Location de meublés / Escenografía / Ambientación / Atrezzo /,,/ Compañía de alquiler de mobiliario /
403-13,Maquetas,Maquetas,Maquetas,Maquetas,Maquetas,Dioramas,Modèles,,Empresas de producción,Proveedores,/ Dummies / Maquetas /,,/ Fabricante de maquetas /
403-14,,,,Máquinas de humo,Máquinas de humo,Smoke Machines,Machines à fumèe,,Empresas de producción,Proveedores,/ Máquinas de humo / FX / Efectos especiales /,,/ Compañía de efectos especiales para filmación /
403-15,,,,Pipas de agua,Pipas de agua,Water Tankers,Conduites d'eau,,Empresas de producción,Proveedores,/ Pipas de agua / Water Tankers / Conduites D eau / Lluvia / FX / Efectos especiales /,,/ Proveedor de pipas de agua /
403-16,,,,Agencia de locaciones,Agencias de locaciones,Location Agencies,Agences de lieux,,Empresas de producción,Proveedores,/ Scouting / Scouters / Locaciones / Agencias de locaciones / Managers de locaciones / Locations / Emplacements / Scouters / Agencias /,,/ Agencia de locaciones /
403-17,Seguridad para talento,Seguridad para talento,Seguridad para talento,Seguridad para talento,Seguridad para talento,Security for Talent,Sécurité des talents,,Empresas de producción,Proveedores,/ Seguridad / Talent handler / Escoltas / Bodyguards / Seguridad para talento / Logística / Conciertos / Live Performance / Performance Support /,,/ Servicios de seguridad para talento /
403-18,Seguridad en locaciones,Seguridad en locaciones,Seguridad en locaciones,Seguridad en locaciones,Seguridad en locaciones,Location Security,Sécurité des lieux,,Empresas de producción,Proveedores,/ Seguridad / Guardias / Seguridad en locación / Performance Support /,,/ Servicios de seguridad en locaciones /
403-19,Servicios de alimentación,Servicios de alimentación,Servicio de alimentación,Servicio de alimentación,Servicios de alimentación,Catering,Services de norriture,,Empresas de producción,Proveedores,/ Catering / Comida producción / Box lunch / Café / Meseros / Atención al cliente / Crafty / Alimentación / Catering / Cantine /,,/ Servicios de alimentación /
403-20,Seguros de producción,Seguros de producción,Seguros de producción,Seguros de producción,Seguros de producción,Production Insurances,Assurance de la production,,Empresas de producción,Proveedores,/ Brokers / Seguros de producción / Insurances / Assurances / Aseguradoras / Rain Day /,,/ Seguros de producción /
404-01,Venta de artículos especializados,Venta de artículos especializados,Venta de artículos especializados,Venta de artículos especializados,Venta de artículos especializados,Specialized items for sale,Vente d'articles spécialisés,x,Empresas de producción,Venta de materiales,/ Jardinería / Gardening / Jardinage / Plantas / Ambientación / Escenografía / Atmósfera /,,/ Venta de artículos especializados /
404-02,Material óptico / magnéticos,Material óptico / magnéticos,Material óptico / magnético,Material óptico / magnético,Materiales ópticos / magnéticos,Optical / Magnetic Stock,Matériaux optiques/ magnétiques,,Empresas de producción,Venta de materiales,/ Discos / Hard disk / Materiales ópticos / Materiales magnéticos / Venta /,,/ Venta de  materiales ópticos y/o magnéticos /
404-03,Material cinematográfico,Material cinematográfico,Material cinematográfico,Material cinematográfico,Materiales cinematográficos,Film Stock,Matériaux de film,,Empresas de producción,Venta de materiales,/ Película / Film / Negativo / 35 mm / 16 mm / Material cinematográfico / Film material / Pelicule filmique / Venta /,,/ Venta de material cinematográfico /
404-04,Expendables,Expendables,Expendables,Expendables,Expendables,Expendables,Expendables,,Empresas de producción,Venta de materiales,/ Consumibles / Gaffer tape / Filtros / Filters / Black foil / Black wrap / Roscoe / Lee / Dicroicos / Difusores / Baterías / Hot set / Pasacables / Aire comprimido / Chamoix / Expendables / Consommables / Materiales de iluminación / Gel / Gelatinas / Filtros / Aire comprimido / Dust off / Lens tissue / Dulling spray / Cinta gaffer / Masking tape / Materiales de iluminación / Pizarras / Slate / Clapper / Artículos especializados / Venta /,,/ Venta de expendables para filmación /
404-05,Lámparas y materiales de iluminación,Lámparas y materiales de iluminación,Lámparas y materiales de iluminación,Lámparas y materiales de iluminación,Lámparas y materiales de iluminación,Lamps and lighting materials,Lampes et matériel d'éclairage,,Empresas de producción,Venta de materiales,/ Repuestos para lámparas / Luminarias / Lámparas / Focos / Refacciones / Tungsteno / Cuarzo / HMI / Materiales de iluminación / Artículos especializados / Venta /,,/ Venta de lámparas y repuestos /
404-06,Tramoya,Tramoya,Tramoya,Tramoya,Tramoya,Grip Manufacturers,Fabricants de décors de théâtre,,Empresas de producción,Venta de materiales,/ Tramoya / Distribuidores de tramoya / Fabricantes de tramoya / Arri / Mathews / Colortran / Century / Mole Richardson / Tripiés / Stands / Banderas / Marcos / Textiles / Grifos / Apple Boxes / Flags / Bounce / Cookies / C-Stand / Slate / Clapper / Pizarras / Venta /,, / Fabricantes de tramoya /
501-01,,,,Equipo cinematográfico,Equipos cinematográficos,Film Equipment,Matériel cinématographique,,Alquiler de equipos,Equipos cinematográficos,/ Cinematografía digital / Cinematography Equipment / Equipment cinematographique / Cámaras cinematográficas / Cámaras de alto perfil / Cámaras / Iluminación / Lighting / Iluminación cinematográfica / Klieg lights / Chimera / Soft Boxes / Lentes / Óptica cinematográfica / Lenses / Ultraprime / Cook /,,/ Compañía arrendadora de equipos cinematográficos /
501-02,,,,Video profesional,Equipos de video profesional,Professional Video Equipment,Équipement vidéo professionnel,,Alquiler de equipos,Equipos cinematográficos,/ Cámaras profesionales / Cámaras de televisión / Cámaras de alto perfil / Cámaras / Lentes / Lenses / Fujinon / Televisión / Iluminación / Iluminación para TV / TV Lighting / Broadcast /,,/ Compañía arrendadora de equipos de video profesional /
501-03,,,,Cámaras Hi Profile,Cámaras Hi Profile,Hi Profile Cameras,Caméras Hi Profile,,Alquiler de equipos,Equipos cinematográficos,/ Cinematografía digital / Cinematography Equipment / Equipment cinematographique / Cámaras cinematográficas / Cámaras de alto perfil / Cámaras /,,/ Compañía arrendadora de cámaras de alto perfil /
501-04,,,,Cámaras especiales,Otras cámaras,Special Cameras,Autres cameras,,Alquiler de equipos,Equipos cinematográficos,/ POV Cameras / Microcámaras / Lipstick / Cámaras especiales / Fotografía científica / Cámaras /,,/ Compañía arrendadora de cámaras de video /
502-01,,,,Equipos de producción,Equipos de producción de video,Video Production Equipment,Équipement de production vidéo,,Alquiler de equipos,Equipos televisivos,/ Producción de TV / Televisión / Video / Switchers / Video Mixers / Equipos de producción de video / Tricaster / Streaming / TX / Broadcast / Webcast /,,/ Compañía arrendadora de equipos televisión /
502-02,,,,Suites de producción,Suites de producción de video,Workstations,Suites de production de vidéo,,Alquiler de equipos,Equipos televisivos,/ Producción de TV / Televisión / Video / Switchers / Video Mixers / Equipos de producción de video / Tricaster / Streaming / TX / Broadcast / Webcast /,,/ Compañía arrendadora de videocomposers /
502-03,,,,Unidades móviles,Unidades móviles,OB Units,Unités mobiles,,Alquiler de equipos,Equipos televisivos,/ Unidades móviles / OB (Outside Broadcasting Vehicles) / Producción de TV / Televisión / Video / Switchers / Video Mixers / Equipos de producción de video / Tricaster / Streaming / TX / Broadcast / Webcast /,,/ Compañía arrendadora de unidades móviles de televisión /
502-04,,,,Transmisión satelital,Sistemas de transmisión satelital,Satellite Trucks,Systèmes de transmission de signaux,,Alquiler de equipos,Equipos televisivos,/ Transmisión de señal / Distribución de señal / Flyaway / Trasmisión satelital / TX / Transmisión en vivo / Transmisión en directo / Televisión / Transmisión / Enlaces / Conducción deseñal / Microondas / Streaming / Diffusion / Broadcast / Starlink /,,/ Servicios de transmisión satelital /
502-05,,,,Transmisión digital,Sistemas de transmisión digital,Webcasting,Systèmes de distribution de signaux,,Alquiler de equipos,Equipos televisivos,/ Transmisión de señal / Distribución de señal / TX / Transmisión en vivo / Transmisión en directo / Televisión / Transmisión / Streaming / Diffusion / Broadcast / Webcast /,,/ Servicios de transmisión digital /
503-01,,,,Accesorios de cámara,Óptica y accesorios de cámara,Lenses and Accesories,Optiques et accessoires pour caméras,,Alquiler de equipos,Equipos especializados,/ Óptica / Accesorios de cámara / Angenieux / Ultraprime / Cook / Canon / Rokinon / Fuji / Fujinon / DJ / Zoom /,,/ Compañía distribuidora de lentes y accesorios de cámara /
503-02,,,,Equipos para cámara,Equipos para cámara,Camera Rigs,Équipement pour caméra,,Alquiler de equipos,Equipos especializados,/ Accesorios de cámara / Equipos de cámara / Rigs / Power Pod / Cammate / Jibs / Grúas / Crane / Steadicam / Rigs / Dollies / Monturas aéreas / Snorkel /,,/ Compañía arrendadora de equipos para cámara /
503-03,,,,Motion Control,Motion Control,Motion Control,Contrôle du mouvement,,Alquiler de equipos,Equipos especializados,/ Snorkel / Power Pod / Motion Control /,,/ Alquiler de Motion Control /
503-04,,,,Fotografía aérea,Fotografía aérea,Aerial Photography,Photographie aérienne,,Alquiler de equipos,Equipos especializados,/ Helicópteros / Drones / Fotografía aérea / Aerial shots /,,/ Estudio de fotografía aérea /
503-05,,,,Fotografía submarina,Fotografía submarina,Underwater Photography,Potographie sous-marine,,Alquiler de equipos,Equipos especializados,/ Fotografía submarina / Buzos / Cámaras submarinas /,,/ Estudio de fotografía submarina /
503-06,,,,Equipos de iluminación,Equipos de iluminación,Lighting Equipment,Matériel d'éclairage,,Alquiler de equipos,Equipos especializados,/ Móvil de iluminación / Minimóvil / Equipos de iluminación / Lighting / LED / PAR lights / HMI / Arri / Tungsteno / Kino / Mole Richardson / Colortran / Dedolight / Chimera / Smith Victor / K 5600 / Joker / Klieg lights / Iluminación /,,/ Compañía arrendadora de iluminación /
503-07,,,,Iluminación especial,Iluminación especial,Special Lighting,Éclairage spécial,,Alquiler de equipos,Equipos especializados,/ Lighting / Iluminación especial / Stage Lighting / PAR lights / Moving Heads / Strobes / Lasers / LED Strips / DJ Lighting / Xenon / Venta /,,/ Compañía arrendadora de iluminación especializada /
503-08,,,,Generadores de electricidad,Generadores de electricidad,Power Generators,Générateurs d'électricité,,Alquiler de equipos,Equipos especializados,/ Plantas de luz / Plantas eléctricas / Generadores eléctricos / Electrical generator / Des générateurs électriques / Iluminación / Lighting /,,/ Compañía arrendadora de generadores eléctricos /
503-09,,,,Equipos especiales,Otros equipos,Other Equipment,Autres équipements,,Alquiler de equipos,Equipos especializados,/ Equipos especiales / Snorkel / Power Pod / Motion Control /,,/ Compañía arrendadora de equipos especializados /
503-10,,,,Equipos de sonido,Equipos de sonido,Sound Recording Equipment,Matériels de son,,Alquiler de equipos,Equipos especializados,/ Equipos de sonido / Mezcladoras / Micrófonos / Boom pole / Jirafas / Lavalier / Shotgun / Zeppelin / Fostex / Tascam / Sony / Sennheiser / Grabadoras de audio / Amplificadores / Sonorización / Mezcladoras / Audio mixing /,,/ Compañía arrendadora de equipos de sonido /
503-11,Equipos de sonorización,Equipos de sonorización,Equipos de sonorización,Equipos de sonorización,Equipos de sonorización,Sound Amplifying Equipment,Matériel de sonirisation,,Alquiler de equipos,Equipos especializados,/ Equipos de sonido / Consolas / Amplificadores / Sonorización / Eventos / Bocinas / Speakers / Audio mixing / Live Performance / Conciertos / Sonorizadores / Secres / Backstage /,,/ Alquiler de equipos de sonorización /
503-12,Equipos de comunicación,Equipos de comunicación,Equipos de comunicación,Equipos de comunicación,Equipos de comunicación,Communication Equipment,Équipement de communication,,Alquiler de equipos,Equipos especializados,/ Equipos de comunicación / Walkie-talkies / Radios / Intercom / Logística / Internet / Starlink / Proveedores de internet / ISP (Internet Service Providers) /,,/ Alquiler de equipos de comunicación /
503-13,Alquiler de pantallas,Alquiler de pantallas,Alquiler de pantallas,Alquiler de pantallas,Pantallas y módulos LED,Screen Rentals,Écrans et modules LED,,Alquiler de equipos,Equipos especializados,/ Pantallas de LED / LED / Módulos LED / Eventos / Pantallas / Live Performance / Conciertos /,,/ Alquiler de pantallas /
503-14,,,,Equipos de proyección,Equipos de proyección,Screening Equipment,Matériel de projection,,Alquiler de equipos,Equipos especializados,/ Equipos de proyección / Pantallas / Proyectores / Jumbotrón / Barco / Salas cinematográficas / Proyección / Screening / Eventos / Conciertos / Live Performance /,,/ Compañía arrendadora de equipos de proyección /
503-15,Operadora 360,Operador 360,Video 360,Video 360,Video 360,360 degrees video,,,Alquiler de equipos,Equipos especializados,/ 360-degree video / Cámaras 360 / Cámaras omnidireccionales / Video inmersivo / Video esférico / Surround video /,,/ Servicios de grabación 360º /
504-01,Venta de equipos profesionales,Venta de equipos profesionales,Venta de equipos profesionales,Venta de equipos profesionales,Venta de equipos profesionales,Professional equipment for sale,Vente d'équipements professionnels,x,Alquiler de equipos,Venta y reparación de equipos,/ Equipos profesionales / Equipos de video / Equipos de sonido / Equipos de cámara / Equipos de postproducción / Iluminación / Lighting / Micrófonos / Venta /,,/ Distribuidor de equipos profesionales /
504-02,Alquiler de equipos,Alquiler de equipos,Alquiler de equipos,,Alquiler de equipos,Video Equipment Rental,Location de matériel,,Alquiler de equipos,Venta y reparación de equipos,/ Equipos profesionales / Equipos de video / Equipos de sonido / Equipos de cámara / Equipos de postproducción / Iluminación / Lighting / Micrófonos / Zeppelin / Lavalier / Boom pole / Shotgun /,,/ Alquiler de equipos de producción audiovisual /
504-03,Servicio y reparación de equipos,Servicio y reparación de equipos,Servicio y reparación de equipos,Servicio y reparación de equipos,Servicio y reparación de equipos,Equipment maintenance and repair,Entretien et réparation des équipements,,Alquiler de equipos,Venta y reparación de equipos,/ Servicio a equipos / Reparación de equipos / Refacciones / Repuestos /,,/ Servicios de reparación de equipos /
601-01,Agente de viajes,Agente de viajes,Agencia de viajes,Agencia de viajes,Agencias de viaje,Travel Agencies,Agence de voyage,x,Servicos de soporte a la producción,Servicios generales,/ Agencias de viaje / Travel agencies / Agences de voyages /,,/ Agencia de viajes /
601-02,,,,Aeroiínea,Aerolíneas,Airlines,Compagnies aériennes,,Servicos de soporte a la producción,Servicios generales,/ Aerolíneas / Airlines / Compagnies aériennes / Boletaje / Billetes de avión /,,/ Aerolínea /
601-03,,,,Arrendadora de autos,Autos en renta,Car Rentals,Location de voitures,,Servicos de soporte a la producción,Servicios generales,/ Autos en renta / Car Rental / Location de voitures / Transportación /,,/ Compañía arrendadora de automóviles /
601-04,,,,Renta de helicópteros,Renta de helicópteros,Helicopter Rentals,Location d'hélicoptères,,Servicos de soporte a la producción,Servicios generales,/ Helicópteros / Helicopters / Hélicotères / Transportación VIP /,,/ Alquiler de helicópteros /
601-05,,,,Aviones privados,Aviones privados,Private Airplanes,Avions privés,,Servicos de soporte a la producción,Servicios generales,/ Aviones privados / Transportación VIP /,,/ Alquiler de aviones privados /
601-06,,,,Espectaculares,Espectaculares,Billboards,Spectaculaire,,Servicos de soporte a la producción,Servicios generales,/ Carteleras / Billboards / BTL / Outdoor Publicity / Espectaculares / Billboards / Panneaux d’affichage /,,/ Compañía operadora de publicidad exterior /
601-07,Eventos,Eventos,Eventos,Eventos,Eventos,Events,Événements,,Servicos de soporte a la producción,Servicios generales,/ Eventos / Events / Événements / Conciertos / Liev Performance / Sonorización /,,/ Servicios de producción de eventos /
601-08,,,,Renta de oficinas,Renta de oficinas,Office Rentals,Location de bureaux,,Servicos de soporte a la producción,Servicios generales,/ Renta de oficinas / Oficinas de producción /,,/ Compañía arrendadora de oficinas /
601-09,,,,Hospital,Hospitales,Hospitals,Hôpitaux,,Servicos de soporte a la producción,Servicios generales,/ Hospitales / Hospitals / Hopitaux /,,/ Hospital /
601-10,,,,Hotel,Hoteles,Hotels,Hôtels,,Servicos de soporte a la producción,Servicios generales,/ Hoteles / Hotels / Hoatels / Logística /,,/ Hotel /
601-11,Impresora,Impresor,Imprenta,Imprenta,Imprentas,Printing,Imprimantes,,Servicos de soporte a la producción,Servicios generales,/ Imprentas / Printing / Impression / Impresiones / Hard Copies / Plotters / Ploteo /,,/ Imprenta /
601-12,Instrumentos musicales,Instrumentos musicales,Instrumentos musicales,Instrumentos musicales,Instrumentos musicales,Musical Instruments,Instruments de musique,,Servicos de soporte a la producción,Servicios generales,/ Instrumentos musicales / Musical instruments / Instruments de musique / Venta /,,/ Distribuidor de instrumentos musicales /
601-13,,,,Maderería,Madererías,Lumber stores,Travail du bois,,Servicos de soporte a la producción,Servicios generales,/ Madererías / Timber Merchants / Négociants en bois / Construcción / Escenografía / Venta /,,/ Maderería /
601-14,Carpintera,Carpintero,Carpintería,Carpintería,Carpinterías,Carpentry,Menuiseries,,Servicos de soporte a la producción,Servicios generales,/ Carpinteros / Constructores / Construcción /,,/ Servicios de carpintería /
601-15,,,,Papelería,Papelerías,Stationers,Papeterie,,Servicos de soporte a la producción,Servicios generales,/ Papelerías / Stationery / Papeterie /,,/ Distribuidor de papelería /
601-16,,,,Vivero,Viveros,Plant Nurseries,Pépinières,,Servicos de soporte a la producción,Servicios generales,/ Plantas / Jardinería / Escenografía / Ambientación /,,/ Vivero /
601-17,,,,Transportación de carga,Transportación de carga,Cargo Transportation,Transport de marchandises,,Servicos de soporte a la producción,Servicios generales,/ Transportación / Cargo / Transportación de carga / Cargo transportation / Transport de marchandises /,,/ Compañía de transporte de carga /
601-18,,,,Transportación de pasajeros,Transportación de pasajeros,Passenger Transportation,Transport de passagers,,Servicos de soporte a la producción,Servicios generales,/ Transportación / Transportación de pasajeros / Passenger transportation / Transport de passengers /,,/ Compañía de transporte de pasajeros /
601-19,,,,Terminales y compañías de autobuses,Terminales y compañías de autobuses,Bus Stations,Terminaux de bus et compagnies,,Servicos de soporte a la producción,Servicios generales,/ Transportación / Terminales y compañías de autobuses / Bus terminals and bus transportation / Gare de bus /,,/ Compañía/Terminal de autobuses /
601-20,Jardinera,Jardinero,Jardinería,Jardinería,Jardinería,Gardening,Jardinage,,Servicos de soporte a la producción,Servicios generales,/ Jardinería / Gardening / Jardinage / Plantas / Ambientación / Escenografía / Atmósfera /,,/ Servicios de jardinería /
601-21,,,,Aseguradora,Compañías de seguros,Insurance companies,,,Servicos de soporte a la producción,Servicios generales,/ Seguros / Insurances / Assurances / Aseguradoras / Compañías de seguros /,,/ Compañía aseguradora /
701-01,,,,Estudio de postproducción,Estudios de postproducción,Post-Production Studios,Studios de post-production,x,Empresas de post,Postproducción de video,/ Casas de postproducción / Estudios de postproducción / Postproduction / Animación / Efectos visuales / Colorization / Captions / Rushes / Daylies / RAW / Formatos / Códecs /,,/ Compañía de postproducción de video /
701-02,,,,Corrección de color,Corrección de color,Color Grading,Correction des couleurs,x,Empresas de post,Postproducción de video,/ Postproduction / Corrección de color / Coloristas / Etalonaje / LUT / Colorization /,,/ Estudio de corrección de color /
701-03,,,,Postproducción cinematográfica,Postproducción cinematográfica,Film Post-Production,Post-production de films,x,Empresas de post,Postproducción de video,/ Postproduction / Postproducción cinematográfica / DCP (Digital Cinema Package) / Laboratorios cinematográficos / Procesos cinematográficos / Corrección de color / Etalonaje / LUT / Rushes / Daylies / RAW / Formatos / Códecs /,,/ Compañía de postproducción cinematográfica /
701-04,,,,Reproducciones,Reproducciones,Duplication,Reproductions,x,Empresas de post,Postproducción de video,/ Multicopiado / Bulk / Reproducciones / Reproductions / Copiado de materiales /,,/ Compañía de multicopiado /
701-05,,,,Subtítulaje,Subtítulaje,Captions,Sous-titrage,x,Empresas de post,Postproducción de video,/ Subtítulos / Subtitles / Sous-titre /,,/ Estudio de subtitulaje /
702-01,,,,Laboratorio cinematográfico,Laboratorios cinematográficos,Film Labs,Laboratoires de cinéma,,Empresas de post,Postproducción de negativo,/ Revelado / Película / Laboratorios cinematográficos / Film Labs / Laboratoire de cinéma / Postproducción cinematográfica / Procesos cinematográficos / Rushes / Daylies /,,/ Laboratorio cinematográfico /
702-02,,,,Laboratorio fotográfico,Laboratorios fotográficos,Photo Labs,Laboratoires photographiques,,Empresas de post,Postproducción de negativo,/ Revelado foto fija / Impresión de fotografías / C45 / Laboratorios fotográficos / Photo Labs / Laboratoire photo / Rushes / Daylies /,,/ Laboratorio fotográfico /
702-03,,,,Transferencia de materiales,Transferencia de material,Transcoding,Transfert de matériel,,Empresas de post,Postproducción de negativo,/ Conversiones / Rank / Digitalización / Transferencia de materiales / Rushes / Daylies / RAW / Formatos / Códecs /,,/ Servicios de transferencia de material /
703-01,,,,Estudio de animación,Estudios de animación,Animation Studios,Studios d'animation,x,Empresas de post,Animación,/ 3D / 2D / 2.5D / Modelado / Modelos 3D / Animation / Animations / Animadores / Casas de animación / Compañías de animación / Personajes de animación / Efectos visuales / Realidad virtual / CGI (Computer Generated Imagery) /,,/ Estudio de animación digital /
703-02,,,,Animación tradicional,Animación tradicional,Traditional Animation,Animation traditionnelle,x,Empresas de post,Animación,/ Clay animation / Stop Motion / Pixilación / Dibujos animados / Animation / Dibujantes / Casas de animación / Animadores / Claymation /,,/ Estudio de animación tradicional /
703-03,,,,Arte digital,Arte digital,Digital Art,,x,Empresas de post,Animación,/ Arte / Ilustración / Efectos especiales / Efectos visuales / Visual Effects / Effects visuels / Realidad virtual / CGI (Computer Generated Imagery) /,,/ Estudio de arte digital / CGI Studio /
703-04,,,,Banco de imágenes,Bancos de imágenes,Image Libraries,Banques d'images,x,Empresas de post,Animación,/ Bancos de imágenes / Imágenes de stock / Stock de video / Stock Footage / Clips de video / Stock fotográfico / Librerías / Royalties / Regalías /,,/ Banco de imágenes /
704-01,,,,Estudio de sonido,Estudios de sonido,Sound Studios,Studios de son,x,Empresas de post,Postproducción de sonido,/ Grabación de audio / Producción de audio / Audio / ProTools / Estudios de grabación / Audio Studios / Audio études / Foleys / Foley stage / Gaviras / Incidentalistas / ADR (Automatic Dialogue Replacement) / Sistemas 5.1 / Dolby /,,/ Estudio de sonido /
704-02,,,,Estudio de doblaje,Estudios de doblaje,Dubbing Studios,Studios de doublage,x,Empresas de post,Postproducción de sonido,/ Grabación de audio / Audio / Estudios de grabación / Audio Studios / Audio études / Foleys / Foley stage / Gaviras / Incidentalistas / Doublage / Doblaje / Dubbing / Dub Stage / ADR (Automatic Dialogue Replacement) / Actores de voz / Acteurs de la voix /,,/ Estudio de doblaje /
704-03,,,,Estudio para ensayo,Estudios para ensayo,Rehearsal Studios,Studios de répétition,,Empresas de post,Postproducción de sonido,/ Grabación de audio / Audio / Ensayos / Estudios de grabación / Audio Studios / Audio études / Estudios para ensayo /,,/ Estudio para ensayos /
704-04,,,,Estudio de producción musical,Estudios de producción musical,Music Production Studios,Studios de production musicale,,Empresas de post,Postproducción de sonido,/ Grabación de audio / Producción de discos / Reproducción de CDs / Audio / Estudios de grabación / Audio Studios / Audio études / Música original /,,/ Estudio de producción musical /
704-05,,,,Cabina de locución,Cabinas de locución,Voice-Over Booths,Cabines voix-off,x,Empresas de post,Postproducción de sonido,/ Grabación de audio / Audio / Estudios de grabación / Audio Studios / Audio études /,,/ Cabinas de locución /
704-06,,,,Salas de audio,Salas de audio,THX Studios,Chambres THX,,Empresas de post,Postproducción de sonido,/ Grabación de audio / Producción de audio / Audio / Estudios de grabación / Audio Studios / Audio études / THX / Postproductores de audio / Dolby / Atmos /,,/ Estudio Atmos / Estudio THX /
704-07,,,,Diseño sonoro,Diseño sonoro,Sound Design,Conception sonore,x,Empresas de post,Postproducción de sonido,/ Producción de audio / Diseño sonoro / Sound Design / Design sonore / Foleys / Foley stage / Gaviras / THX / Sistemas 5.1 / Psotproductores de audio / Dolby / Atmos /,,/ Estudio de postproducción de audio /
704-08,,,,Restauración de sonido,Restauración de sonido,Sound Restoration,Restauration du son,x,Empresas de post,Postproducción de sonido,/ Producción de audio / Diseño sonoro / Sound Design / Design sonore / Restauradores de sonido / Ingenieros de sonido / Postproductores de audio /,,/ Restauración de sonido /
705-01,,,,Música original,Música original,Original Music Soundtracks,Musique originale,x,Empresas de post,Música,/ Jingles / Música original / Composición musical / Score / Músicos / Grabación musical / Musicalización / Composers / Musicians /,,/ Compañía editora de música /
705-02,,,,Librería musicales,Librerías musicales,Music Libraries,Bibliothèques de musique,x,Empresas de post,Música,/ Stock de audio / Librerías / Librerías musicales / Clips de audio / Música / Musicalización / Regalías / Royalties /,,/ Compañía distribuidora de librerías musicales /
801-01,Desarrolladora  web,Desarrollador web,Desarrollo web,Estudio digital,Desarrolladores web,Web Developers,Développeurs web,x,Tecnologías de la información,Desarrollos digitales,/ Internet / Páginas web / Desarrolladores web / WordPress / Dreamweaver / Páginas de internet / Sites / Web pages /,,/ Servicios de desarrollo web /
801-02,Desarrolladora de aplicaciones,Desarrollador de aplicaciones,Desarrollo de aplicaciones,Desarrollo de software,Desarrolladores de aplicaciones,Computer Progammers,Développeurs d'applications,x,Tecnologías de la información,Desarrollos digitales,/ Internet / Aplicaciones / Desarrollo de aplicaciones / Programadores / Escritura de código / Programación /,,/ Servicios de desarrollo de aplicaciones /
801-03,Desarrolladora de videojuegos,Desarrollador de videojuegos,Desarrollo de videojuegos,Desarrollo de videojuegos,Desarrolladores de videojuegos,Videogame Developers,Développeurs de jeux vidéo,x,Tecnologías de la información,Desarrollos digitales,/ Internet / Programación / Programadores / Aplicaciones / Videojuegos / Desarrollo de videojuegos / Diseño de videojuegos /,,/ Servicios de desarrollo de videojuegos /
802-01,Marketing digital,Marketing digital,Marketing digital,Agencia de marketing digital,Agencias de marketing digital,Digital Marketing Agencies,Agence de marketing,x,Tecnologías de la información,Marketing,/ Internet / Medios online / Difusión / Campañas / Estrategia de redes / Community managers / Gestores de redes / Redes sociales / RRSS / Pauta en internet / Google Analytics / Mercadotecnia / Campañas digitales / Networks / Webcast /,,/ Servicios de marketing digital /
802-02,Administradora de redes,Administrador de redes,Administración de redes,Administración de redes,Administradores de redes,Network Managment,Administrateurs de réseau,x,Tecnologías de la información,Marketing,/ Internet / Estrategia de redes / Community managers / Gestores de redes / Redes sociales / RRSS / Pauta en internet / Google Analytics / Mercadotecnia / Campañas digitales / Networks / Webcast /,,/ Servicios de administración de redes sociales /
802-03,Community manager,Community manager,Community manager,Community management,Community managers,Community managers,Gestionnaires communauté,x,Tecnologías de la información,Marketing,/ Internet / Estrategia de redes / Community managers / Gestores de redes / Redes sociales / RRSS / Pauta en internet / Google Analytics / Mercadotecnia / Campañas digitales / Networks / Webcast /,,/ Community management /
901-01,,,,Agencia de publicidad,Agencias de publicidad,Advertising Agencies,Agences de publicité,x,Industria,"Dsitribución, exhibición y medios",/ Agencias de publicidad / Advertising Agencies / Agences de publicité / Publicidad / Campañas / Marketing / Creatividad / Agencias /,,/ Agencia de publicidad /
901-02,,,,Agencia de investigación de mercado,Agencias de investigación de mercado,Marketing Research,Agence d'études de marché,,Industria,"Dsitribución, exhibición y medios",/ Grupos focales / Investigadores / Agencias de investigación de mercado / Marketing Research Agencies / Agences de recherche de marche / Marketing / Google Analytics / Agencias /,,/ Agencia de investigación de mercado /
901-03,,,,Distribuidor cinematográfico,Distribuidores,Film Distributors,Distributeurs,,Industria,"Dsitribución, exhibición y medios",/ Distribuidoras cinematográficas / Distribuidores / Distributors / Distributeurs / Películas / Estrenos / Premiere / Canacine / Representates / Junkets / Largometrajes / Territorios / Regalías /,,/ Compañía distribuidora cinematográfica /
901-04,,,,Exhibidor,Exhibidores,Film Exhibitors,Exposants,,Industria,"Dsitribución, exhibición y medios",/ Circuitos de exhibición / Cinépolis / Cinemex / Salas de cine / Cinemas / Theaters / Películas / Exhibidores / IMAX / Cortometrajes / Largomentrajes / Territorios / Taquilla / Box Office / Premiere /,,/ Exhibidor cinematográfico /
901-05,,,,Teatro,Teatros,Theaters,Théâtres,,Industria,"Dsitribución, exhibición y medios",/ Escenarios / Teatros / Theaters / Salas / Actuación /,,/ Sala de teatro /
901-06,,,,Asociación,Cámaras y asociaciones,Chambers and Associations,Chambres et associations,x,Industria,"Dsitribución, exhibición y medios",/ Canacine / Agrupaciones / Amfi / Mujeres en el Cine y la TV / Women in Films and TV / Femmes au Cinéma et à la TV / Asociaciones / Associations / Cámara / Guilds / ANDA / ANDI / ,,/ Cámara o asociación civil /
901-07,,,,Medios,Medios,Media,Moyens,x,Industria,"Dsitribución, exhibición y medios",/ Promoción / Media / Moyens / Medios / Prensa / Radio / Televisión / Difusión / Broadcast /,,/ Medio de comunicación social /
901-08,Relaciones públicas,Relaciones públicas,Relaciones públicas,Agencia de relaciones públicas,Relaciones públicas,Public Relations Agencies,Relations publiques,,Industria,"Dsitribución, exhibición y medios",/ Promoción / Media / Moyens / Medios / Relaciones públicas / Eventos / Agencias / Junkets / Webcast / PR / RRPP / Festivales /,,/ Servicios de relaciones públicas /
901-09,,,,Operadora de medios,Operadoras de medios,Media Planning,,,Industria,"Dsitribución, exhibición y medios",/ Webcast / Pauta en internet / Media planning /,,/ Compañía operadora de medios /
901-10,,,,Sindicato,Sindicatos,Unions,,,Industria,"Dsitribución, exhibición y medios",/ Agrupaciones / Organizaciones / Sindicatos / Unions / Syndicats / Guilds /,,/ Sindicato / 
902-01,,,,Comisión fílmica,Comisiones fílmicas,Film Commissions,Commandes de films,,Industria,Comisiones y escuelas,/ Permisos de filmación / Avisos de filmación / Autoridades / Comisiones de filmación / Film Commissions / Des commissions de filage / Gobierno / Comsiones fílmicas /,,/ Comisión fílmica /
902-02,,,,Secretaría de Cultura,Secretarías de Cultura,Culture Ministries,Secrétariats à la culture,,Industria,Comisiones y escuelas,/ Autoridades / Instituciones / Institutes / Instituts / Promoción cultural / Gobierno / IMCINE / Filmotecas /,,/ Ministerio de cultura /
902-03,,,,Organismo de gobierno,Organismos de gobierno,Government Agencies,Organismes gouvernementaux,,Industria,Comisiones y escuelas,/ Autoridades / Instituciones / Institutes / Instituts / Gobierno / IMCINE / Filmotecas /,,/ Organismo gubernamental /
902-04,,,,Escuela,Escuelas y universidades,Schools and Universities,Écoles et universités,,Industria,Comisiones y escuelas,/ Capacitación / Escuelas y universidades / Schools and Universities / Écoles et universités / Talleres / Workshops / Ateliers / Instituciones / Academias / Filmotecas / Cortometrajes /,,/ Escuela /
902-05,,,,Talleres,Talleres,Workshops,Ateliers,x,Industria,Comisiones y escuelas,/ Capacitación / Escuelas / Talleres / Workshops / Ateliers / Especialización / Actualización / Entrenamiento / Cortometrajes /,,/ Taller de capacitación /
903-01,,,,Festival de cine,Festivales de cine en México,Film Festivals in México,Festivals du film au Mexique,,Industria,Festivales y mercados,/ Festivales de cine en México / Film Festivals in Mexico / Festivals de cinéma / Mercados / Películas / Concursos / Exhibidores / Festivales / Cortometrajes / Largometrajes /,,/ Festival de cine en México /
903-02,,,,Festival internacional de cine,Festivales de cine en el mundo,Film Festivals Around the World,Festivals de cinéma dans le monde,,Industria,Festivales y mercados,/ Festivales de cine en el mundo / World Film Festivals/ Festivals de cinéma / Mercados / Películas / Concursos / Festivales / Cortometrajes / Largometrajes /,,/ Festival extranjero de cine /
904-01,Académica,Académico,Academia,,Académicos,Faculty,Académique,x,Industria,Personas en la industria,/ Academias / Escuelas y universidades / Enseñanza / Escuelas / Investigadores / Profesores / Cortometrajes /,,/ Académico /
904-02,Ejecutiva,Ejecutivo,Ejecutivo,,Ejecutivos,Executives,Cadres supérieurs,x,Industria,Personas en la industria,/ Decision Makers / Ejecutivos / Organizaciones / Largometrajes / Festivales / Mercados / Distribución / Contratos / Territorios / Licencias / Regalías /,,/ Ejecutivo en la industria /
904-03,Funcionaria pública,Funcionario público,Servicio público,,Funcionarios públicos,Goverment Officials,Fonctionnaires publiques,x,Industria,Personas en la industria,/ Gobierno / Imcine / Funcionarios / Ejecutivos / Autoridades / Festivales /,,/ Funcionario público /
904-04,Investigadora / docente,Investigador / docente,Investigación / docencia,,Investigación / docencia,Research / Teaching,Recherche/ Enseignement,x,Industria,Personas en la industria,/ Investigadores / Docentes / Maestros / Escuelas / Capacitación / Profesores / Enseñanza / Escuelas y universidades /,,/ Investigador y/o docente /
904-05,Crítica de cine,Crítico de cine,Crítica cinematográfica,,Críticos y periodistas,Film Critics and Journalists,,x,Industria,Personas en la industria,/ Promoción / Media / Moyens / Medios / Prensa / Radio / Televisión / Difusión / Críticos cinematográficos / Periodistas / Largometrajes / Crítica /,,/ Crítico cinematográfico /